CustomerID,CustomerName,Gender,Age,City,Email,JoinDate,CustomerSegment
1,Danielle Giles,M,19,Makassar,markodonnell@example.net,2026-03-28,Silver
2,Jason Johnson,M,26,Bandung,bethanyvasquez@example.com,2025-04-28,Regular
3,Benjamin Buchanan,F,20,Jakarta,brianna40@example.net,2023-06-28,Regular
4,Travis Whitaker,M,32,Jakarta,stacie18@example.com,2025-02-12,Silver
5,James Ochoa,F,32,Denpasar,fbray@example.com,2022-12-17,Gold
6,Jason Christian,M,28,Yogyakarta,william41@example.com,2023-01-22,Gold
7,Kellie Ford,F,27,Medan,vstuart@example.org,2023-05-25,Gold
8,Roberta Fritz,M,23,Yogyakarta,harperkaren@example.org,2024-05-15,Regular
9,Heather Owens,F,40,Makassar,glovermichael@example.org,2023-10-28,Regular
10,Angela Bradley,F,52,Bandung,elizabethpena@example.net,2024-08-23,Platinum
11,Emily Hickman,M,53,Makassar,uwood@example.com,2022-09-25,Gold
12,Brian Dixon,M,63,Bandung,michael86@example.org,2022-12-22,Regular
13,Justin Wright,M,36,Bandung,bmiller@example.com,2026-04-20,Silver
14,Virginia Williams,M,42,Makassar,richardsonalbert@example.net,2023-11-29,Platinum
15,Ariana Smith,F,28,Semarang,gabrielbutler@example.org,2024-07-28,Gold
16,Lisa Morgan,M,60,Makassar,benjaminburch@example.net,2025-02-01,Regular
17,Lee Butler,M,52,Medan,zmorgan@example.org,2026-02-10,Silver
18,Lisa Morris,F,42,Makassar,dhorn@example.net,2023-08-30,Silver
19,James Rhodes,F,21,Medan,adamstheodore@example.net,2022-12-19,Regular
20,Daniel Parks,F,43,Makassar,hnash@example.net,2024-03-03,Regular
21,Sara Perez,M,54,Semarang,patricia17@example.com,2026-02-14,Silver
22,Connie Adams,F,43,Denpasar,courtney96@example.org,2023-10-22,Silver
23,Morgan Taylor,F,26,Medan,kenneth14@example.com,2024-11-29,Gold
24,Sarah Rose,F,55,Yogyakarta,tyler98@example.com,2024-12-10,Gold
25,Christopher Crosby,M,26,Denpasar,jamesmullen@example.net,2026-04-06,Regular
26,Brian Johnston,M,25,Surabaya,ashleyharper@example.net,2024-12-09,Silver
27,Anna Yoder,F,56,Bandung,christinaruiz@example.net,2023-05-11,Platinum
28,Scott Fletcher,F,56,Denpasar,bryan57@example.com,2026-04-04,Gold
29,James Francis,M,61,Bandung,phillipsbrian@example.net,2022-08-12,Gold
30,Paige Cole,F,25,Makassar,tpham@example.com,2026-05-27,Platinum
31,Richard Washington,M,47,Jakarta,heather23@example.com,2023-07-24,Gold
32,Victor Santiago,M,50,Bandung,ricardoortiz@example.net,2025-01-18,Gold
33,Dawn Grant,M,27,Semarang,dstark@example.com,2023-01-26,Silver
34,Joanne Zavala,M,56,Semarang,irodgers@example.com,2024-01-22,Platinum
35,Tricia Brewer,M,25,Semarang,angel37@example.org,2023-07-05,Gold
36,David Macdonald,M,21,Medan,timothy79@example.net,2024-10-23,Regular
37,Ryan Anderson,M,64,Denpasar,claire32@example.com,2025-01-07,Regular
38,David Manning,M,26,Denpasar,ryan12@example.net,2022-09-30,Silver
39,Anthony Brown,F,51,Yogyakarta,rodriguezchris@example.net,2025-08-10,Silver
40,Kelly Wilson,M,63,Makassar,paul97@example.net,2024-07-13,Platinum
41,Kimberly Marks,F,46,Denpasar,michelleshepard@example.org,2026-04-29,Regular
42,Joshua Schaefer,M,32,Bandung,jasonsummers@example.org,2025-11-23,Gold
43,David Gibson,M,55,Medan,taylortimothy@example.com,2025-09-30,Silver
44,Crystal Moore,M,22,Jakarta,summersjulie@example.net,2025-03-25,Silver
45,Nicholas Mcclure,M,20,Semarang,aarellano@example.org,2023-08-07,Regular
46,Jeffrey Lopez,M,35,Denpasar,lindsay41@example.net,2024-11-01,Silver
47,Carolyn Bailey,M,64,Denpasar,elizabethwallace@example.net,2026-05-19,Silver
48,Alexander Williams,F,44,Medan,matthewsmatthew@example.com,2024-08-30,Regular
49,Thomas Velasquez,M,60,Yogyakarta,burgessjacob@example.org,2024-11-13,Gold
50,Kristi Scott,F,44,Denpasar,heatherblack@example.com,2026-02-06,Regular
51,Richard Lopez,M,21,Yogyakarta,thomasbrian@example.org,2023-12-04,Gold
52,Ian Taylor,M,33,Medan,steven91@example.org,2025-01-21,Silver
53,Christopher Jones,F,26,Yogyakarta,matthewkramer@example.org,2022-12-03,Silver
54,Gary Hartman,F,47,Medan,villarrealrobert@example.net,2026-07-08,Regular
55,David Lewis,F,53,Bandung,anthony73@example.org,2026-04-23,Regular
56,Justin Sanders,M,23,Medan,juan42@example.net,2024-10-29,Silver
57,Wendy Lyons,F,49,Denpasar,laurie50@example.com,2023-10-16,Silver
58,Amanda Norris,F,21,Surabaya,christina58@example.org,2025-05-17,Platinum
59,Heidi Williams,M,42,Makassar,thompsonrobert@example.org,2023-03-11,Platinum
60,Brandon Byrd,F,45,Denpasar,andersenamber@example.net,2023-11-12,Silver
61,Kathleen Stone,M,36,Medan,michael72@example.com,2023-03-01,Regular
62,Lawrence Grant,M,65,Semarang,vcook@example.net,2023-05-12,Regular
63,Mr. Tyler Hall,M,55,Denpasar,jeffrey34@example.org,2024-08-11,Silver
64,John Castillo,M,50,Bandung,juan10@example.com,2025-09-14,Silver
65,Michael Johnson,M,56,Bandung,michele36@example.com,2026-04-22,Silver
66,Brenda Zimmerman,F,25,Medan,sarah35@example.net,2024-01-04,Regular
67,Jessica Mcintyre,M,44,Semarang,amandafernandez@example.com,2023-10-25,Gold
68,Heidi Jenkins,M,60,Semarang,robertlopez@example.com,2025-07-26,Silver
69,Phillip Jones,F,43,Surabaya,wagnerrichard@example.com,2022-10-01,Gold
70,Thomas Lopez,F,38,Bandung,patricktravis@example.org,2026-04-27,Regular
71,Nicholas Austin,F,57,Bandung,beasleynicole@example.net,2026-03-05,Regular
72,Thomas Skinner,M,50,Makassar,alexisbishop@example.com,2026-06-16,Silver
73,Amanda Jackson,F,22,Medan,flee@example.com,2025-08-09,Gold
74,Mallory Reynolds,F,28,Denpasar,maria74@example.net,2023-12-14,Gold
75,Krystal Flores,M,60,Makassar,awalker@example.net,2024-03-14,Regular
76,Thomas Wallace,M,34,Bandung,susan11@example.org,2024-04-22,Regular
77,Charles Cooper,M,35,Makassar,travisnguyen@example.com,2023-07-05,Silver
78,Jeffrey Larsen,F,31,Makassar,jason15@example.org,2024-03-21,Platinum
79,Sarah Butler,F,21,Bandung,harrischristina@example.org,2026-04-11,Platinum
80,Laura Morris,F,20,Jakarta,navarroryan@example.org,2024-06-08,Gold
81,Phillip Edwards,M,58,Makassar,david29@example.com,2024-01-26,Silver
82,Sherri Castillo,F,53,Yogyakarta,gomezmichelle@example.net,2022-08-30,Regular
83,Nicholas Kelly,M,22,Surabaya,wmccoy@example.com,2023-07-18,Regular
84,Francisco Reed,F,55,Surabaya,heathermorris@example.org,2026-06-30,Platinum
85,Andrew Wilson,M,20,Makassar,richard45@example.net,2023-12-21,Gold
86,Taylor Brown,M,40,Medan,kayla58@example.net,2023-03-24,Silver
87,Lindsay Bryant,M,40,Yogyakarta,hernandezbrittany@example.com,2025-08-15,Silver
88,Jessica Brown,M,28,Surabaya,iromero@example.com,2025-07-23,Platinum
89,Steven Mccall,M,29,Semarang,michael24@example.net,2023-10-14,Platinum
90,Thomas Vaughn,M,35,Surabaya,hardingstephen@example.com,2022-09-24,Regular
91,Samuel Jackson,F,20,Denpasar,hesskimberly@example.net,2026-05-14,Silver
92,Chad Dominguez,M,47,Semarang,hortonandrea@example.org,2026-05-16,Gold
93,Ashley Collier,M,32,Jakarta,operez@example.net,2025-12-30,Silver
94,Alexander Allison,F,39,Makassar,sandra18@example.org,2023-04-08,Regular
95,Eddie Jordan,F,40,Yogyakarta,jonathanthomas@example.org,2023-09-11,Gold
96,Benjamin Stewart,M,25,Makassar,ianderson@example.net,2022-10-05,Silver
97,Bryan Pierce,F,20,Bandung,wilcoxsarah@example.org,2025-07-14,Platinum
98,Kylie Park,F,64,Semarang,stephenscott@example.com,2025-07-02,Platinum
99,Stacy Glass,M,42,Medan,btaylor@example.org,2023-02-28,Gold
100,Alicia Bradshaw,M,63,Yogyakarta,wheelerdavid@example.com,2025-11-19,Regular
101,Kevin Horn Jr.,M,41,Yogyakarta,mhorton@example.net,2023-08-04,Regular
102,Debbie Hubbard,F,57,Semarang,ppugh@example.org,2024-06-18,Regular
103,Veronica Johnson,F,50,Makassar,vhughes@example.com,2025-11-17,Platinum
104,Lucas Pittman,F,43,Makassar,bryansmith@example.com,2022-09-04,Silver
105,Tammy Williams,M,44,Yogyakarta,jmartin@example.org,2025-09-23,Silver
106,Peter Simmons,F,43,Jakarta,mathewsamber@example.org,2024-04-20,Gold
107,Amy Meza,F,31,Yogyakarta,vasquezrebecca@example.net,2023-05-29,Gold
108,Michael Velazquez,F,46,Denpasar,william65@example.net,2024-08-03,Silver
109,Adam Robinson,F,65,Surabaya,david03@example.net,2023-07-01,Regular
110,Samuel Torres,F,50,Semarang,elizabethsmith@example.net,2026-02-18,Regular
111,Nicholas Moore,M,61,Makassar,stacey01@example.net,2023-02-23,Silver
112,Jeffrey Davis,M,27,Jakarta,kevin09@example.com,2025-03-13,Regular
113,Christopher Hoffman,M,48,Bandung,katie95@example.net,2026-05-22,Platinum
114,Joshua Kim,F,58,Medan,katherinecasey@example.net,2024-07-01,Platinum
115,Anthony Hamilton,F,43,Medan,thomashenderson@example.org,2026-04-25,Silver
116,Danielle Malone,M,24,Yogyakarta,anthonydaniel@example.org,2023-11-23,Silver
117,Randy Owens,M,62,Denpasar,wallacesharon@example.net,2026-02-10,Regular
118,Stephen Parks,M,25,Denpasar,qgordon@example.org,2022-09-04,Silver
119,Nathan Miller,F,60,Semarang,carmenkennedy@example.net,2024-01-04,Platinum
120,Kevin Mcgrath,F,53,Denpasar,gomezjohnny@example.net,2022-11-16,Silver
121,Stephanie Porter,F,46,Makassar,cervantesedward@example.org,2024-12-19,Silver
122,Catherine Shaw,F,51,Denpasar,laura84@example.org,2023-08-10,Silver
123,Elijah Robinson,F,46,Bandung,steven55@example.net,2023-11-21,Gold
124,Mr. David Kennedy DDS,M,35,Semarang,jeffreyrivera@example.org,2024-12-07,Gold
125,Kimberly Howe,M,26,Surabaya,yberry@example.org,2022-09-18,Silver
126,Matthew Howard,F,62,Surabaya,kevinvillarreal@example.org,2023-04-01,Silver
127,Rhonda Ingram,M,44,Yogyakarta,melissaburns@example.org,2023-11-20,Gold
128,Dr. Stacy Morris MD,F,44,Jakarta,michaelajackson@example.com,2024-04-08,Silver
129,Andrew Martinez,F,42,Jakarta,stacystrong@example.net,2024-05-04,Platinum
130,Tiffany Bryant,F,18,Semarang,tmartinez@example.net,2023-12-05,Gold
131,Vincent Peterson,F,44,Medan,karenedwards@example.net,2026-04-02,Platinum
132,Tyler Alvarez,M,35,Yogyakarta,christopher26@example.net,2025-06-26,Platinum
133,Kathleen Ryan,M,42,Semarang,derricklee@example.org,2025-08-22,Platinum
134,Shannon Donaldson,M,47,Surabaya,sarah99@example.com,2025-04-09,Regular
135,Hannah Rodriguez,F,55,Jakarta,david68@example.com,2026-01-26,Regular
136,Melissa Pierce,F,26,Denpasar,amandaturner@example.net,2022-11-19,Silver
137,Kyle Robinson,M,34,Yogyakarta,briana30@example.com,2026-03-06,Gold
138,Elizabeth Mitchell,M,47,Semarang,daniel50@example.org,2023-02-16,Gold
139,Eric Brown,F,35,Yogyakarta,gamblealexander@example.org,2025-04-05,Gold
140,David Chapman,M,48,Jakarta,julieweeks@example.net,2022-09-24,Regular
141,Christian Sanchez,F,32,Bandung,anna27@example.com,2023-05-23,Regular
142,Jill Frost,M,33,Medan,kendracampbell@example.org,2026-07-15,Regular
143,Kelly Jackson,M,33,Surabaya,ufleming@example.com,2023-06-14,Platinum
144,Rodney Smith,M,54,Medan,amandaespinoza@example.org,2024-09-24,Platinum
145,Donald Hicks,F,41,Surabaya,lauren74@example.com,2022-08-08,Regular
146,Teresa Andrews,M,37,Bandung,lvasquez@example.com,2023-04-07,Regular
147,David Adkins,F,54,Yogyakarta,hillzachary@example.org,2024-09-01,Platinum
148,Andrea Taylor,M,22,Medan,andersonjoseph@example.com,2025-06-27,Regular
149,Anthony Adams,F,61,Bandung,kbarr@example.net,2023-06-10,Regular
150,Teresa Wolfe,F,52,Yogyakarta,beststeve@example.com,2024-04-12,Gold
151,David Johnson,M,50,Semarang,catherinewilliams@example.com,2022-09-15,Regular
152,Yolanda Silva,F,49,Bandung,heather64@example.com,2025-07-16,Platinum
153,Richard Ryan,F,58,Denpasar,handerson@example.org,2023-10-09,Silver
154,Brandi Stewart,F,29,Makassar,christopher87@example.org,2026-05-15,Platinum
155,Kevin Mendoza,F,45,Makassar,umiranda@example.net,2023-11-10,Gold
156,Sharon Rodriguez,M,23,Makassar,hruiz@example.org,2025-12-17,Platinum
157,Diana Holmes,M,47,Yogyakarta,michelleandrews@example.org,2023-02-25,Gold
158,Scott Fields,M,49,Semarang,anna24@example.com,2025-12-20,Silver
159,Michele Davis,F,31,Semarang,jonburke@example.org,2023-10-18,Gold
160,Michael Brown,F,35,Makassar,brentphillips@example.com,2024-04-13,Regular
161,Katie Williams,M,23,Medan,jamesburton@example.org,2024-09-11,Platinum
162,David Henderson,F,53,Medan,williamwilliams@example.org,2024-02-08,Platinum
163,Wendy Long,F,46,Jakarta,jkirk@example.org,2023-08-26,Regular
164,Vanessa Wilson,F,32,Yogyakarta,ajames@example.net,2025-04-18,Silver
165,Judith Jones,F,60,Semarang,george43@example.com,2025-07-29,Platinum
166,Michelle Bowman,F,45,Semarang,margaretcampbell@example.org,2026-04-16,Gold
167,Beth Wade,F,35,Makassar,turnerkristy@example.com,2023-01-12,Gold
168,Charles Lawrence,M,25,Medan,nicholas00@example.net,2025-12-02,Gold
169,Mrs. Suzanne Jimenez DDS,M,65,Surabaya,julie57@example.net,2026-03-31,Silver
170,Carrie Brown,M,65,Denpasar,wellskatherine@example.org,2022-12-22,Gold
171,Marisa Johnson,F,24,Medan,jjimenez@example.net,2026-03-21,Gold
172,Ashley Ross,M,41,Surabaya,andrew26@example.org,2025-09-21,Gold
173,Lauren Green,M,63,Surabaya,richard07@example.net,2023-08-26,Gold
174,Stacey Brewer,M,21,Makassar,annamckenzie@example.org,2026-07-13,Silver
175,Timothy Marks,F,24,Jakarta,rushangela@example.org,2023-03-30,Gold
176,Rick Watson,F,48,Denpasar,fodom@example.com,2025-03-01,Gold
177,Andrew Miller,M,21,Makassar,jennaneal@example.org,2025-05-29,Platinum
178,Nichole Love,M,22,Yogyakarta,robertsrobert@example.net,2024-04-15,Platinum
179,Robert Banks,M,54,Jakarta,hillbrenda@example.com,2024-12-23,Silver
180,Michael Anderson,M,54,Makassar,cmorales@example.com,2026-06-25,Regular
181,Joseph Sparks,M,25,Yogyakarta,teresagarrett@example.org,2023-06-22,Silver
182,Mark Bass,F,46,Denpasar,samantha66@example.com,2025-06-18,Gold
183,Cassandra Pennington,F,37,Jakarta,anthony37@example.com,2024-12-01,Regular
184,Adam Martinez,M,58,Medan,caitlinrubio@example.com,2025-05-09,Gold
185,Russell Thomas,M,28,Medan,kelseyweaver@example.org,2025-05-15,Silver
186,Kenneth Leonard,M,28,Jakarta,vincent37@example.com,2024-03-27,Platinum
187,Danielle Rowe,F,62,Denpasar,melissa25@example.net,2023-06-04,Gold
188,Jennifer Smith,M,32,Makassar,markduncan@example.com,2026-07-20,Gold
189,Nathan Mann,F,22,Medan,yolandacurry@example.com,2022-10-20,Gold
190,Regina Adams,M,45,Bandung,margarethernandez@example.net,2023-11-16,Silver
191,Kenneth Graham,M,35,Surabaya,kleinkimberly@example.com,2025-07-26,Regular
192,Dale Parker,M,28,Makassar,xhines@example.org,2025-04-28,Gold
193,Rebecca Mills,F,25,Denpasar,kevinbrown@example.org,2024-07-15,Gold
194,Karen Bowman,F,35,Denpasar,janetnicholson@example.com,2023-04-08,Platinum
195,Jason Jones,M,56,Jakarta,ahill@example.org,2025-07-23,Platinum
196,Pamela Stanley,F,56,Makassar,bethanyyoung@example.org,2026-04-03,Regular
197,Wayne Lang,M,32,Jakarta,bassmonica@example.org,2025-08-29,Gold
198,Adam Scott,M,29,Denpasar,hallcaleb@example.com,2026-03-05,Platinum
199,Joseph Chase,F,29,Yogyakarta,ybradley@example.com,2025-04-09,Platinum
200,Michael Thomas,M,48,Semarang,teresa04@example.com,2025-05-23,Platinum
201,Caleb Perez,F,38,Bandung,froststephanie@example.net,2023-05-16,Silver
202,Adam Welch,F,44,Denpasar,vincent85@example.net,2026-07-08,Gold
203,Ronald Spencer,F,53,Jakarta,whall@example.net,2025-01-13,Platinum
204,Gregg Kim,M,38,Makassar,brightcarolyn@example.com,2023-11-01,Gold
205,Dennis Robles,M,43,Jakarta,cassandra63@example.net,2026-02-14,Platinum
206,David Trujillo,F,21,Medan,oliviakerr@example.com,2024-07-14,Gold
207,Stephen Martin,F,58,Denpasar,adkinsjessica@example.com,2023-01-03,Regular
208,Jeremy Callahan,M,35,Surabaya,randymiller@example.net,2025-12-13,Gold
209,Tyler Kelly,F,62,Denpasar,campbelladam@example.net,2022-10-06,Regular
210,Steven Hogan,M,58,Medan,daniel43@example.net,2023-02-18,Silver
211,Brandon Olson,F,53,Jakarta,christopherreed@example.net,2024-11-17,Platinum
212,Geoffrey Oliver,M,32,Bandung,sheenachang@example.org,2022-09-07,Platinum
213,Austin Cox,M,59,Surabaya,weissderek@example.com,2023-07-16,Platinum
214,Amber Williams,F,50,Makassar,averyrebecca@example.net,2023-12-29,Platinum
215,Kayla Wheeler,F,48,Medan,ispencer@example.net,2023-08-01,Platinum
216,Megan Davis,M,42,Medan,stephanie50@example.org,2023-05-11,Silver
217,Laura Duncan,M,35,Yogyakarta,fletcherkevin@example.com,2026-01-26,Gold
218,Michael Singh,F,18,Makassar,amyjackson@example.com,2023-05-11,Gold
219,Paula Jordan,F,27,Denpasar,wintersalejandra@example.com,2026-05-11,Platinum
220,Sheri Fletcher,F,39,Yogyakarta,fsmith@example.net,2024-03-10,Platinum
221,Kendra Johnson,F,30,Medan,gainesdylan@example.com,2025-03-14,Platinum
222,Ashley Solomon,M,44,Jakarta,dawsonalexander@example.net,2025-07-23,Gold
223,Cole Rodriguez,F,63,Yogyakarta,bobbyfreeman@example.org,2024-01-20,Platinum
224,Sean Hood,M,49,Jakarta,ryanromero@example.net,2025-06-29,Silver
225,Chelsea Camacho,F,24,Denpasar,grayrebecca@example.org,2025-07-09,Regular
226,Marie Jackson,F,18,Surabaya,ywoods@example.com,2026-03-02,Platinum
227,Brenda Garcia,M,22,Denpasar,mgoodwin@example.com,2025-12-16,Gold
228,John Bennett,F,57,Yogyakarta,ralphmoore@example.com,2025-03-26,Regular
229,Gail Turner,F,61,Yogyakarta,mary24@example.net,2025-06-06,Gold
230,Kelly Lopez,F,52,Jakarta,ipeterson@example.com,2026-04-28,Regular
231,Heather Velez,M,58,Makassar,clarkkenneth@example.com,2023-11-08,Silver
232,Justin King,M,45,Bandung,dustin10@example.com,2025-03-21,Regular
233,Juan Gentry,F,28,Makassar,thompsoncarrie@example.org,2022-08-24,Regular
234,Kathy Ferrell,M,38,Jakarta,valerie39@example.org,2023-08-06,Gold
235,Kendra Maxwell,F,41,Yogyakarta,xcook@example.net,2024-04-26,Silver
236,Melvin Malone,M,51,Yogyakarta,osimmons@example.org,2025-06-11,Silver
237,Amy Glass,M,29,Bandung,nicolewilson@example.com,2024-08-31,Platinum
238,Anne Jenkins,M,49,Surabaya,jenkinstodd@example.org,2025-02-07,Silver
239,Alexis Giles,F,58,Makassar,alfred13@example.com,2024-08-06,Platinum
240,Kelly Mendoza,F,60,Jakarta,mannjohn@example.net,2024-10-26,Platinum
241,Janice Murray,F,61,Surabaya,lpham@example.com,2025-04-25,Regular
242,Dr. Nancy Sanchez,F,40,Makassar,briansims@example.net,2024-12-17,Platinum
243,Patricia Fitzgerald,F,47,Makassar,burnselizabeth@example.net,2024-05-02,Silver
244,Richard Benson,F,48,Bandung,ymendez@example.com,2024-09-04,Silver
245,Lindsay Richardson,F,54,Semarang,erikarobinson@example.net,2025-09-12,Gold
246,Robert Ruiz,F,19,Yogyakarta,hannah90@example.com,2025-01-26,Gold
247,Ashley Hunter,M,54,Jakarta,diazerin@example.net,2025-03-17,Platinum
248,Antonio Bradshaw,F,32,Semarang,jesus62@example.net,2026-01-23,Silver
249,Virginia Delgado,M,57,Makassar,charlesbrennan@example.com,2026-06-17,Silver
250,Pamela Elliott,M,58,Jakarta,ronald71@example.net,2026-07-26,Gold
251,Brian Hurley,F,20,Semarang,qperez@example.org,2023-05-08,Silver
252,Kenneth Martin Jr.,M,36,Semarang,ashleyross@example.com,2022-11-25,Platinum
253,Frank Rice,M,30,Surabaya,jose20@example.com,2026-05-21,Gold
254,Brittany Moore,F,28,Makassar,wendy37@example.org,2023-05-05,Platinum
255,Theresa Daniels,F,65,Semarang,pshelton@example.com,2024-05-24,Regular
256,Susan Bailey,F,22,Surabaya,armstrongnina@example.com,2023-03-25,Silver
257,Brian Powell,F,53,Semarang,booneashley@example.org,2024-09-10,Regular
258,Jamie Alexander,F,18,Makassar,zsmith@example.net,2024-11-23,Regular
259,Steven Thomas,F,41,Makassar,bhenry@example.net,2022-12-30,Platinum
260,James Spears,F,24,Medan,summerssydney@example.net,2025-12-05,Platinum
261,James Campbell,M,57,Semarang,brooke20@example.net,2023-12-15,Silver
262,Jessica Wilson,M,58,Denpasar,jjones@example.com,2025-03-13,Gold
263,Renee Harris,F,25,Surabaya,emilyyork@example.org,2023-10-04,Regular
264,David Long,M,37,Denpasar,smithlindsey@example.org,2025-04-07,Regular
265,Todd Smith,M,33,Surabaya,qmiller@example.org,2024-11-28,Platinum
266,Joseph Beasley,F,41,Yogyakarta,andrewspears@example.com,2024-11-11,Silver
267,Holly Wood,F,59,Bandung,ttaylor@example.net,2023-06-09,Platinum
268,Thomas Cox,F,35,Jakarta,ericksonjay@example.net,2026-04-06,Gold
269,Chelsea Parker,M,46,Denpasar,aliciawashington@example.com,2024-10-07,Silver
270,Michael Anderson,F,24,Semarang,jonesmatthew@example.org,2025-12-01,Gold
271,Harry Lowe,M,43,Makassar,wilkinsedgar@example.net,2025-01-05,Silver
272,Anthony Long,M,47,Bandung,clinton58@example.com,2022-10-18,Silver
273,Dennis Silva,M,21,Semarang,maldonadojonathan@example.com,2025-10-25,Silver
274,Dominic Brown,M,54,Medan,lisa97@example.net,2024-12-20,Regular
275,Victoria Pope,M,55,Medan,marytanner@example.net,2026-03-29,Silver
276,Dr. Mary Mcdaniel,F,27,Jakarta,boyderin@example.net,2024-07-25,Gold
277,William Johnson,M,26,Makassar,barronpatrick@example.net,2026-06-23,Silver
278,Mark Rogers,M,60,Jakarta,olsonrenee@example.org,2023-01-08,Silver
279,Sandra Everett,M,40,Medan,teresamiller@example.net,2023-12-13,Gold
280,Eugene Preston,M,29,Makassar,xjimenez@example.org,2022-10-13,Regular
281,Stephanie Bryan,M,65,Yogyakarta,nathan01@example.org,2024-07-29,Regular
282,Frank Lee,M,48,Denpasar,fnash@example.net,2026-03-11,Gold
283,Krystal Powers MD,M,46,Medan,wgomez@example.com,2023-05-06,Regular
284,Cheryl Craig,F,47,Jakarta,bryantkenneth@example.com,2024-10-02,Regular
285,Timothy Gutierrez,F,43,Yogyakarta,langernest@example.com,2024-12-03,Regular
286,Christopher Gonzales,F,63,Denpasar,aprilpalmer@example.net,2024-08-19,Regular
287,Caleb Park,M,38,Surabaya,lwarren@example.net,2026-01-02,Regular
288,Keith Moon,M,35,Semarang,troyjohnston@example.net,2025-05-07,Platinum
289,Amber Johnson,F,47,Yogyakarta,blanchardmargaret@example.com,2025-06-29,Regular
290,Amy Harris,M,59,Medan,meadowsmichael@example.net,2023-10-26,Platinum
291,Brandy Roberts,F,32,Yogyakarta,nelsonkevin@example.net,2023-01-09,Gold
292,James Anderson,F,43,Yogyakarta,blackkyle@example.com,2026-04-11,Regular
293,Jorge Stuart,F,45,Semarang,hermanronald@example.net,2022-09-30,Gold
294,Michael Allen,F,27,Denpasar,joseph72@example.net,2024-03-09,Regular
295,Stephanie Ochoa,M,23,Bandung,kfitzgerald@example.com,2025-07-26,Platinum
296,Jessica Brooks,M,65,Semarang,kimberlycarrillo@example.net,2022-11-07,Silver
297,Timothy Mitchell,M,55,Semarang,brianbaker@example.net,2025-07-21,Regular
298,James Barrett,F,40,Yogyakarta,lmiller@example.org,2023-07-07,Regular
299,Allison Fernandez,F,56,Makassar,grant95@example.net,2026-01-01,Gold
300,Tanya Watson,M,54,Medan,christopher05@example.net,2023-07-23,Silver
301,Theresa Flores,F,32,Bandung,jonathan83@example.com,2023-06-30,Gold
302,Meredith Obrien,F,25,Makassar,cindyhernandez@example.org,2024-08-25,Silver
303,Brian Wu,F,53,Jakarta,sheila46@example.com,2022-09-28,Gold
304,Danielle Hoover,M,29,Makassar,hunterbrandy@example.com,2023-02-09,Gold
305,Jeffrey Nolan,F,40,Jakarta,zgreen@example.net,2025-02-22,Silver
306,Emily Hoffman,M,54,Yogyakarta,ghooper@example.com,2025-08-02,Regular
307,Tony Larson,M,65,Jakarta,tiffany66@example.org,2026-05-15,Regular
308,Alexandra Hicks,M,42,Yogyakarta,mchristian@example.org,2024-12-19,Platinum
309,Jonathan Bowers,F,28,Semarang,rodriguezmorgan@example.net,2025-01-20,Gold
310,Paul Cabrera,F,54,Bandung,brandonbush@example.net,2026-01-13,Regular
311,Brian Mccoy,M,28,Jakarta,aflores@example.com,2023-07-13,Regular
312,Michelle Harrison,F,46,Yogyakarta,wolfedave@example.net,2026-03-04,Platinum
313,Vincent Williams,F,44,Makassar,christopherwilson@example.com,2025-05-29,Silver
314,Shane Bowen,M,40,Yogyakarta,david91@example.org,2025-11-19,Regular
315,Kelly Thornton,F,61,Denpasar,bradleybianca@example.com,2024-04-06,Gold
316,Glen Howard,M,32,Yogyakarta,christopher68@example.net,2023-12-23,Regular
317,Madison Moore,M,31,Makassar,lisa55@example.org,2022-10-26,Silver
318,Frank Medina,M,34,Makassar,jasminediaz@example.net,2022-08-02,Gold
319,Michael Curtis,M,18,Denpasar,bryantryan@example.org,2023-03-22,Platinum
320,Christopher Wagner,M,26,Yogyakarta,aphillips@example.org,2023-05-22,Silver
321,Amber Graham,F,22,Yogyakarta,joeshea@example.com,2023-10-11,Regular
322,Christian Brock,F,19,Denpasar,simmonsricky@example.com,2024-12-16,Regular
323,Colleen Kirk,F,54,Yogyakarta,laurajohnson@example.org,2023-08-03,Platinum
324,Rodney White,F,36,Bandung,lcrawford@example.org,2023-07-17,Platinum
325,Nicole Stevens,M,38,Surabaya,mitchellmatthew@example.net,2022-12-04,Platinum
326,Jamie Vaughn,F,23,Yogyakarta,diazanthony@example.com,2026-07-21,Regular
327,Donald Brown,M,45,Yogyakarta,monica36@example.com,2026-01-07,Regular
328,Eric Hall,F,37,Semarang,askinner@example.net,2026-03-13,Silver
329,Aaron Thomas,F,28,Bandung,barbara54@example.org,2023-08-22,Regular
330,Jeffrey Tyler,M,40,Semarang,ayalawilliam@example.org,2024-05-15,Silver
331,Anthony Fischer,M,24,Surabaya,adkinsrenee@example.net,2023-09-13,Gold
332,Dr. Gina Wood,M,29,Surabaya,mduran@example.com,2025-12-07,Regular
333,Paul Wyatt,M,58,Denpasar,derrickhoward@example.org,2023-03-09,Platinum
334,Aaron Martin,F,61,Semarang,julia40@example.com,2023-03-24,Gold
335,Monica Klein,M,46,Bandung,janice94@example.net,2023-11-19,Platinum
336,Robert Daniels,F,58,Makassar,alyssafarmer@example.net,2024-12-12,Gold
337,Maria Sanchez,M,40,Bandung,larry51@example.org,2024-12-19,Gold
338,Colton Hill,F,46,Jakarta,laurenhart@example.org,2024-10-03,Regular
339,Omar Aguilar,F,36,Bandung,lindsaymartin@example.com,2025-09-23,Regular
340,Stacy Gonzalez,F,47,Jakarta,jeremy82@example.org,2025-11-01,Platinum
341,Danielle Rodriguez,M,38,Denpasar,aaronjackson@example.com,2024-03-25,Silver
342,Madison Chase,M,46,Bandung,olsonkimberly@example.org,2025-09-21,Gold
343,Jeremy Ellis,M,50,Surabaya,brittanycunningham@example.net,2024-10-13,Regular
344,Brett Banks,M,63,Denpasar,coxjessica@example.com,2023-07-31,Platinum
345,Amber Russell,M,41,Semarang,fjohnson@example.com,2022-09-05,Gold
346,Sara Scott,F,44,Semarang,hendersonsuzanne@example.org,2025-05-30,Regular
347,Haley Brown,F,22,Semarang,nenglish@example.net,2025-06-10,Regular
348,Kristin Martinez,F,36,Makassar,sylviaparker@example.com,2025-10-22,Silver
349,Karen Sutton MD,F,23,Surabaya,bholmes@example.com,2025-07-10,Gold
350,Eric Mitchell,F,59,Yogyakarta,tpierce@example.com,2022-11-12,Silver
351,Kristina Norman,M,37,Yogyakarta,brusso@example.net,2022-08-12,Gold
352,Jonathan Kim,M,60,Bandung,carrie72@example.com,2026-04-12,Platinum
353,Jorge Coleman,F,19,Semarang,judithbecker@example.com,2023-06-17,Gold
354,James Daniels,M,31,Semarang,dennis11@example.net,2024-12-12,Platinum
355,Angela Walsh,M,32,Surabaya,rosewilliam@example.org,2025-06-19,Silver
356,David Watson,M,36,Bandung,benjamin30@example.org,2023-07-01,Regular
357,Priscilla Mathews,F,57,Surabaya,craigjeffery@example.com,2025-07-21,Platinum
358,Bruce Carr,M,28,Surabaya,sherri59@example.net,2024-09-09,Silver
359,Carrie Pena,F,20,Yogyakarta,xherrera@example.org,2022-10-05,Gold
360,Lisa Schwartz,M,46,Makassar,jessicaturner@example.com,2026-07-04,Platinum
361,Joanne Davila,M,52,Medan,justinchang@example.net,2024-03-29,Gold
362,Brenda Scott,F,30,Semarang,chad74@example.net,2024-03-28,Platinum
363,Joshua Fuller,F,36,Yogyakarta,qjohnson@example.net,2025-10-04,Platinum
364,April Fox,M,30,Surabaya,davidgordon@example.org,2025-07-14,Gold
365,Christopher Harper,M,59,Denpasar,wilsonerin@example.net,2024-06-24,Gold
366,Kristin Brown,M,63,Bandung,brandi51@example.org,2024-05-11,Gold
367,Deborah Rodriguez,M,28,Makassar,brianacoleman@example.org,2022-11-21,Platinum
368,Chase Lewis,M,45,Bandung,andrea18@example.com,2024-11-23,Silver
369,Stephen Nelson,F,40,Jakarta,john17@example.net,2023-08-27,Platinum
370,Monica Sawyer,M,43,Semarang,ccastro@example.org,2023-01-16,Silver
371,Brian Wood,F,23,Semarang,danielhogan@example.net,2026-07-18,Silver
372,Kim Smith,M,38,Bandung,hcervantes@example.com,2024-03-20,Gold
373,Mary Contreras,M,26,Jakarta,tyoung@example.com,2025-05-26,Gold
374,Kimberly Parks,F,62,Surabaya,ywilliams@example.com,2025-08-08,Platinum
375,Laura Key,F,57,Jakarta,nashheather@example.net,2025-10-27,Regular
376,Dawn Garcia,M,34,Medan,dianemann@example.org,2023-08-31,Silver
377,Zoe Dalton,F,25,Makassar,susan84@example.com,2025-04-15,Silver
378,Todd Gilbert,F,25,Jakarta,michelle48@example.net,2025-01-12,Silver
379,Valerie Reeves,F,58,Denpasar,martinezmark@example.org,2024-04-19,Regular
380,Marvin Schneider,M,49,Jakarta,jessicawilson@example.org,2023-04-01,Silver
381,Aaron Reyes,M,36,Yogyakarta,adamsjoseph@example.org,2023-06-22,Regular
382,Karen Jones,F,33,Yogyakarta,pdrake@example.net,2025-10-12,Silver
383,Dwayne Black,M,51,Semarang,estrickland@example.org,2024-03-29,Regular
384,Matthew Weeks,M,42,Denpasar,riggsclinton@example.com,2026-04-20,Regular
385,Todd Jones Jr.,F,41,Makassar,brittanynewton@example.org,2023-04-24,Regular
386,Russell Browning,F,22,Semarang,kelly06@example.com,2023-08-16,Silver
387,Scott Hill,M,55,Semarang,juarezjason@example.com,2023-10-01,Silver
388,Brandi Russell,M,40,Semarang,salinasricky@example.com,2024-08-08,Silver
389,Theresa Greene,F,62,Denpasar,christopher72@example.com,2025-03-10,Silver
390,Jodi Tucker,M,22,Denpasar,hwagner@example.com,2025-08-22,Regular
391,Andrew Villegas,F,30,Jakarta,maryhughes@example.org,2023-01-30,Silver
392,Joan Butler,M,38,Makassar,darren54@example.net,2022-12-08,Platinum
393,Patrick Lewis,F,34,Jakarta,qjacobs@example.org,2025-10-26,Silver
394,Mary Klein,F,40,Jakarta,robynwilson@example.net,2026-03-16,Gold
395,Tyler Perez,F,25,Semarang,elliottshawn@example.org,2023-06-04,Platinum
396,Robert Quinn,F,65,Denpasar,lthomas@example.net,2023-05-15,Platinum
397,Christopher Williams,F,29,Denpasar,athomas@example.com,2024-01-23,Platinum
398,Julie Snyder,F,51,Makassar,nicholaswolfe@example.org,2024-06-27,Regular
399,Elizabeth Gomez,F,23,Yogyakarta,calderonchristopher@example.org,2025-08-12,Silver
400,Shawn Decker,F,38,Bandung,gomezjoanne@example.org,2025-07-06,Regular
401,Karen Savage,F,60,Makassar,william26@example.com,2024-07-21,Gold
402,Regina Morris,F,56,Yogyakarta,paul18@example.net,2026-01-31,Silver
403,Jacob Hayden,F,40,Denpasar,gonzalezjoshua@example.net,2022-09-02,Regular
404,Michael Martin,F,57,Yogyakarta,kfitzgerald@example.org,2025-06-10,Gold
405,Paul Rice,M,22,Yogyakarta,lthomas@example.com,2026-05-09,Gold
406,James Wilson,M,19,Surabaya,sotolisa@example.net,2025-12-09,Platinum
407,Michelle Marshall,M,26,Bandung,aaronlowe@example.com,2026-04-28,Silver
408,Tina Murphy,F,41,Yogyakarta,jimenezluis@example.org,2022-11-30,Regular
409,Curtis Garcia,M,61,Denpasar,joshuasalazar@example.net,2024-02-02,Gold
410,James Hodge,F,46,Bandung,rcarter@example.org,2022-10-26,Silver
411,George Ross PhD,F,43,Semarang,wbarrera@example.net,2024-03-28,Gold
412,James Jordan,M,25,Jakarta,kevin51@example.com,2024-01-30,Silver
413,Sara Scott,F,51,Yogyakarta,angela67@example.org,2022-08-04,Regular
414,Tammy Berg,F,34,Denpasar,chavezdana@example.org,2023-01-06,Silver
415,Karen Sims,F,62,Denpasar,wmcdowell@example.com,2025-12-12,Silver
416,Nicholas Rogers,M,26,Bandung,rjohnson@example.org,2026-01-18,Platinum
417,Daniel Mcneil,M,63,Denpasar,adamanderson@example.net,2025-10-08,Regular
418,Carlos Wilkinson,F,60,Semarang,lneal@example.net,2023-01-18,Regular
419,Victor Perez,F,37,Surabaya,eburns@example.org,2026-02-04,Silver
420,Elizabeth Clay,F,50,Medan,christinestewart@example.com,2024-06-30,Regular
421,Miss Amy Johnson,M,26,Medan,ramirezdavid@example.com,2022-11-29,Platinum
422,Craig Taylor,M,41,Semarang,dmartinez@example.org,2025-10-04,Platinum
423,Lindsey Peters,M,57,Bandung,jonescharles@example.org,2024-09-02,Regular
424,Tara Lee,F,43,Denpasar,halljennifer@example.com,2022-08-23,Platinum
425,Kristin Brown,F,54,Bandung,eric46@example.com,2025-08-06,Silver
426,Victor Alvarez,F,59,Bandung,mtran@example.com,2024-02-10,Platinum
427,Jennifer Phillips,F,61,Semarang,inash@example.com,2023-11-04,Silver
428,Anthony Spencer,M,26,Yogyakarta,omarfranklin@example.org,2025-04-25,Regular
429,Lindsay Rodriguez DDS,M,51,Surabaya,alan25@example.net,2025-05-30,Gold
430,Patrick Buchanan,M,28,Semarang,lorijenkins@example.org,2024-12-09,Silver
431,Jason Rojas,F,51,Makassar,juliavalentine@example.com,2023-03-22,Regular
432,Margaret Crawford,F,30,Makassar,daniel96@example.com,2023-09-25,Silver
433,Joshua Mckinney,F,57,Bandung,jessica42@example.com,2024-06-15,Silver
434,Nancy Jefferson,M,28,Semarang,amanda87@example.org,2022-09-06,Regular
435,Jacqueline Carter,M,23,Jakarta,vargasjeffery@example.net,2022-08-05,Gold
436,Kara Padilla,M,54,Yogyakarta,santosbrandi@example.com,2025-03-07,Regular
437,Mark Boyer,F,58,Makassar,dustinsmith@example.net,2024-12-04,Gold
438,Janet Turner,F,33,Yogyakarta,andrew92@example.org,2023-03-19,Gold
439,Jacob Brooks,F,22,Jakarta,carlos51@example.com,2022-11-16,Silver
440,Anthony Edwards,F,44,Denpasar,amanda16@example.net,2023-09-11,Platinum
441,Peter Kelley,M,39,Surabaya,ushelton@example.net,2025-01-17,Gold
442,Maria Sutton,F,64,Semarang,carrjennifer@example.org,2022-12-31,Platinum
443,Christopher Chapman,M,41,Bandung,brownsteven@example.net,2025-12-22,Gold
444,Maurice Moody,M,47,Bandung,curtissara@example.org,2024-10-12,Gold
445,Tiffany Brown,F,33,Surabaya,joneswilliam@example.net,2023-12-01,Regular
446,Shannon Austin,M,36,Yogyakarta,grossjoann@example.com,2024-01-23,Platinum
447,Nicholas Evans,M,28,Semarang,audrey67@example.org,2024-04-12,Gold
448,Thomas Beck,M,28,Denpasar,aimeebecker@example.org,2024-02-12,Platinum
449,Steven Lopez,F,37,Denpasar,qdean@example.com,2024-09-18,Regular
450,Robert French,M,43,Denpasar,chelsea22@example.org,2023-09-27,Silver
451,Michael Mitchell,M,55,Semarang,megannelson@example.org,2023-05-25,Regular
452,Arthur Contreras,M,36,Denpasar,drakeroberto@example.net,2025-03-01,Platinum
453,Kim Ford,F,52,Jakarta,zwilliams@example.com,2026-06-15,Regular
454,Ashley Kidd,F,26,Makassar,hatfieldjohn@example.com,2024-05-30,Gold
455,Eric Williams,F,41,Jakarta,colemanmark@example.org,2026-01-17,Platinum
456,Rebecca Fuller,M,54,Medan,shampton@example.com,2023-10-30,Gold
457,Brianna Frazier,F,22,Yogyakarta,rhonda91@example.com,2023-10-06,Platinum
458,Ryan Robinson,F,57,Bandung,jessica33@example.org,2024-05-15,Silver
459,Jamie Johnson,M,43,Semarang,michellegonzales@example.net,2024-07-08,Gold
460,Seth Horne,F,27,Medan,shanewalton@example.com,2025-05-19,Platinum
461,Mr. Timothy Baker,M,20,Jakarta,htanner@example.com,2024-12-08,Silver
462,Mrs. Amber Foster,F,48,Denpasar,brittneykelley@example.org,2023-07-23,Silver
463,Misty Roberson,M,38,Semarang,kevin84@example.org,2025-03-31,Silver
464,James Brown,F,57,Makassar,dunnsara@example.com,2023-06-02,Gold
465,Aaron Travis,F,63,Makassar,williamsonadrian@example.com,2022-08-01,Platinum
466,Thomas Sims,M,41,Semarang,shannon01@example.org,2023-05-19,Regular
467,Marcia Robinson,F,55,Makassar,reyesrebecca@example.org,2024-12-21,Regular
468,Phillip Guzman,F,34,Medan,jasmineduarte@example.net,2025-09-30,Regular
469,Michael Brown,F,28,Yogyakarta,samanthawatson@example.org,2022-10-31,Silver
470,Mr. Edward Ochoa,M,20,Bandung,kmcpherson@example.net,2025-12-05,Silver
471,Timothy Sullivan,M,46,Semarang,erios@example.com,2022-12-22,Platinum
472,Hannah Hogan,M,44,Medan,jeffery12@example.net,2024-09-10,Platinum
473,Justin Nunez,F,65,Jakarta,jroberts@example.org,2024-09-05,Silver
474,Nathan Hunter,M,53,Semarang,gouldscott@example.org,2023-08-02,Platinum
475,Bruce Cook,F,38,Surabaya,hollyweaver@example.net,2025-12-12,Platinum
476,Jennifer Johnson,F,52,Semarang,edward94@example.com,2023-12-14,Gold
477,Nathaniel Poole,F,30,Medan,daniel12@example.org,2022-08-23,Gold
478,Jim Jackson,F,32,Makassar,jchandler@example.org,2023-10-25,Gold
479,Jordan Fox,M,62,Denpasar,daniel82@example.net,2023-10-07,Gold
480,Elizabeth Russell,F,40,Makassar,codyhood@example.net,2024-03-26,Gold
481,Ashley Steele,M,54,Yogyakarta,justinhowell@example.com,2026-02-02,Platinum
482,Brooke Salas,F,27,Makassar,suttonshannon@example.com,2023-05-02,Regular
483,Jane White,F,63,Bandung,evansjacqueline@example.org,2023-04-20,Gold
484,Robert Roberts,F,59,Makassar,davidvaughn@example.org,2025-07-24,Platinum
485,Luke Parker,M,30,Makassar,samantha61@example.com,2023-12-06,Gold
486,Jacob Smith,M,24,Medan,hweaver@example.net,2023-03-24,Silver
487,Victoria Burton,M,60,Medan,vharris@example.com,2025-03-05,Silver
488,Heather Thomas,M,24,Yogyakarta,nphillips@example.com,2023-06-16,Gold
489,Tanya Jimenez,F,24,Surabaya,cmorris@example.org,2026-04-21,Regular
490,Karen Cain,M,44,Denpasar,shawn84@example.org,2024-02-24,Platinum
491,Christina Lloyd,M,36,Semarang,naguilar@example.org,2024-06-23,Gold
492,John Williams,M,23,Medan,chelseacook@example.com,2023-10-31,Regular
493,Todd Anderson,M,44,Surabaya,cwiley@example.org,2024-02-03,Regular
494,Ann Fernandez,F,49,Surabaya,debra64@example.net,2024-03-31,Gold
495,Nathan Kim,M,18,Makassar,paulclark@example.net,2024-01-01,Regular
496,Joshua Silva,F,36,Denpasar,seanweeks@example.org,2025-04-07,Platinum
497,Nancy Evans,M,50,Denpasar,heather00@example.com,2023-03-25,Gold
498,David Smith,M,25,Semarang,dhall@example.net,2023-05-16,Silver
499,Carrie Griffin,F,59,Makassar,william38@example.net,2025-12-24,Silver
500,Emily Smith,M,65,Semarang,cpalmer@example.com,2022-09-27,Gold
